{
  "users": [
    {
      "id": "4093",
      "userName": "khan",
      "userAge": "45",
      "userEmail": "test@gmail.com"
    },
    {
      "id": "4dc9",
      "userName": "Maqsood ",
      "userAge": "65",
      "userEmail": "test@gmail.com"
    },
    {
      "id": "a2d4",
      "userName": "zehaan ",
      "userAge": "45",
      "userEmail": "zehaan@gmail.com"
    },
    {
      "id": "6b90",
      "userName": "maqsod anwar",
      "userAge": "54",
      "userEmail": "test@gmail.com"
    },
    {
      "id": "c7dc",
      "userName": "sultan",
      "userAge": "234",
      "userEmail": "test@gmail.com"
    }
  ]
}